date,tag,title,link
2022/02/18,container,「 取代 Docker Desktop 的高效率開發環境」,https://www.facebook.com/110694344098040/posts/470851184749019/
2022/02/16,introduction,「 Kubernetes 四種不同開發環境的比較」,https://www.facebook.com/110694344098040/posts/469625948204876/
2022/02/14,introduction,「 談談遷移應用程式到  Kubernetes 內的失敗經驗談」,https://www.facebook.com/110694344098040/posts/468312305002907/
2022/02/11,others,「GitHub 上常常看到的奇妙  commit 到底是什麼？」,https://www.facebook.com/110694344098040/posts/466454705188667/
2022/02/09,tools,「透過一點小技巧讓你的 Makefile 有一個更好的 Help說明」,https://www.facebook.com/110694344098040/posts/465179208649550/
2022/02/07,tools,「視覺化系統內 iptables 規則」,https://www.facebook.com/110694344098040/posts/463989852101819/
2022/02/04,others,「如何用 2297 個 Linux Kernel Patches 來重新整理所有的 header file 並提升整個 Kernel 建置時間高達 78%」,https://www.facebook.com/110694344098040/posts/462101998957271/
2022/02/02,tools,「如何使用 jq 讓你的 kubectl更為強大」,https://www.facebook.com/110694344098040/posts/461299162370888/
2022/01/27,others,「PwnKit, 長達 12 年可以讓一般使用者輕鬆變成 Root 的 CVE」,https://www.facebook.com/110694344098040/posts/457303766103761/
2022/01/24,other,「Linux 5.17 將使用 BLAKE2s 來替代 SAH1 來達到更安全更快速的隨機亂數產生器」,https://www.facebook.com/110694344098040/posts/455424192958385/
2022/01/21,introduction,「Kubernetes 內透過 DNS-01 處理 wildcard TLS 的兩三事」,https://www.facebook.com/110694344098040/posts/453574999809971/
2022/01/19,cicd,「透過 Crossplane 與 ArgoCD 來達成應用程式與基礎建設的 GitOps 部署方式」,https://www.facebook.com/110694344098040/posts/452223709945100/
2022/01/17,cicd,「The pains of GitOps 1.0」,https://www.facebook.com/110694344098040/posts/451024380065033/
2022/01/13,introduction,「Kubernetes system-reserved kube-reserved cgroup 與 capacity allocatable 的複雜關係」,https://www.facebook.com/110694344098040/posts/448691766964961/
2022/01/11,other,「NPM 的 colors modules 打亂一堆人...」,https://www.facebook.com/110694344098040/posts/447439463756858/
2022/01/10,usecases,「2021年回顧，因為 DB 的效能的爭論所以我女友跟我分手了....」,https://www.facebook.com/110694344098040/posts/446622227171915/
2022/01/09,tool,「使用 OpenKruise v1.0 提供更進階的 workload 部署與升級」,https://www.facebook.com/110694344098040/posts/446029147231223/
2022/01/07,introduction,「透過 Kubefarm 來自動化幫實體機器打造基於 Kubernetes in Kubernetes 的 Kubernetes 環境」,https://www.facebook.com/110694344098040/posts/444802554020549/
2022/01/04,usecases,「Meta 如何打造一個供多團隊使用的 SLI/SLO 設定與觀測平台」,https://www.facebook.com/110694344098040/posts/442860054214799/
2022/01/02,others,「多年工作經驗總是搞砸電話面試， why ?」,https://www.facebook.com/110694344098040/posts/441548271012644/
2021/12/30,others, Anti-Corruption 模式介紹, https://www.facebook.com/technologynoteniu/posts/440134991153972
2021/12/28,others, 設計 Dating App 的系統思路, https://www.facebook.com/technologynoteniu/posts/438859757948162
2021/12/26,others, Ambassador 模式介紹,https://www.facebook.com/technologynoteniu/posts/437640171403454
2021/12/24,tool, 該停止使用 python3.6了,https://www.facebook.com/technologynoteniu/posts/436364391531032
2021/12/22,usecases, 工作 20 年的系統架構原則談, https://www.facebook.com/technologynoteniu/posts/435021938331944
2021/12/20,others, 遊戲設計中的人物打造過程, https://www.facebook.com/technologynoteniu/posts/433800235120781
2021/12/18,container, Container Dockerfile 中的 Shell/Exec 格式差異, https://www.facebook.com/technologynoteniu/posts/432574848576653
2021/12/16,others, Bash 中的 Signal 介紹文, https://www.facebook.com/technologynoteniu/posts/431323882035083
2021/12/14,usecases, Infrastructure 的經驗談, https://www.facebook.com/technologynoteniu/posts/430069308827207
2021/12/12,container, 建置 Container 中要注意的事項, https://www.facebook.com/technologynoteniu/posts/428778022289669
2021/12/09,others, log4j 安全性漏洞, https://www.facebook.com/technologynoteniu/posts/427014239132714
2021/12/09,others, 四人幫設計模式的歷史探討, https://www.facebook.com/technologynoteniu/posts/426901465810658
2021/12/07,usecases, Grafana 安全性漏洞, https://www.facebook.com/technologynoteniu/posts/425501989283939
2021/12/06,usecases, MySQL 員工離職心得文, https://www.facebook.com/technologynoteniu/posts/425096492657822
2021/12/05,tool, 重構的教學網站，包含各語言的實作範例, https://www.facebook.com/technologynoteniu/posts/424420129392125
2021/12/03,others, Linux Kernel 關於 Lock 的 patch, https://www.facebook.com/technologynoteniu/posts/423238779510260
2021/12/01,others, 遊戲開發的基本概念，2D/3D/2.5D, https://www.facebook.com/technologynoteniu/posts/421964732970998
2021/11/28,others, 開發類 Whatsapp 的可能架構探討, https://www.facebook.com/technologynoteniu/posts/420063863161085
2021/11/26,introduction, Dockershim 即將移除, https://www.facebook.com/technologynoteniu/posts/418869913280480
2021/11/24,container, Container 底層的 cgroup 介紹, https://www.facebook.com/technologynoteniu/posts/417602396740565
2021/11/20,others, 打造一個 TinyURL 系統的背後思路, https://www.facebook.com/technologynoteniu/posts/416271590206979
2021/11/20,usecases, LinkedIn 如何透過k8s打造一個遠端開發環境, https://www.facebook.com/technologynoteniu/posts/414914280342710
2021/11/18,cicd, Flux 內的資安提升方式, https://www.facebook.com/technologynoteniu/posts/413598527140952
2021/11/16,network, Linux Kernel 關於網路效能提升的patch, https://www.facebook.com/technologynoteniu/posts/412232510610887
2021/11/15,tool, Airflow 與 Prefect 的比較, https://www.facebook.com/technologynoteniu/posts/411582814009190
2021/11/13,others, 10 個微服務架構的實戰分享, https://www.facebook.com/technologynoteniu/posts/410318114135660
2021/11/11,others, 分散式 cache 的設計思路, https://www.facebook.com/technologynoteniu/posts/408957307605074
2021/11/09,tool, 三個自動化好用工具, https://www.facebook.com/technologynoteniu/posts/407666134400858
2021/11/06,usecases, LinkedIn 探討內部 A/B Testing 的架構, https://www.facebook.com/technologynoteniu/posts/405703441263794
2021/11/04,others, 為什麼Gitlab 上市估值太高, https://www.facebook.com/technologynoteniu/posts/404344784732993
2021/11/02,introduction, F5 繼續分享如何選擇合適的 Ingress Controller, https://www.facebook.com/technologynoteniu/posts/402992384868233
2021/10/31,introduction, F5 分享如何選擇一個合適的 Ingress Controller, https://www.facebook.com/technologynoteniu/posts/401729838327821
2021/10/29,usecases, DevOps 時代的團隊合作到底該怎麼做, https://www.facebook.com/technologynoteniu/posts/400276658473139
2021/10/27,usecases, Netflix 探討 A/B Testing 的案例與概念, https://www.facebook.com/technologynoteniu/posts/398855865281885
2021/10/25,introduction, 降低 AWS 上的 Kubernetes 價格, https://www.facebook.com/technologynoteniu/posts/397497722084366
2021/10/23,others, 面試經驗分享文, https://www.facebook.com/technologynoteniu/posts/396166485550823
2021/10/21,others, 15 年開發者生涯中的五大反思, https://www.facebook.com/technologynoteniu/posts/394881232346015
2021/10/19,container, Container 的未來發展, https://www.facebook.com/technologynoteniu/posts/393500502484088
2021/10/17,introduction, Kubernetes Pod Eviction 介紹, https://www.facebook.com/technologynoteniu/posts/392249045942567
2021/10/15,others, 如何將 AWS 機密資訊整合到 Kubernetes, https://www.facebook.com/technologynoteniu/posts/390894606078011
2021/10/13,introduction, 探討 Kubernetes 內重要的六個概念, https://www.facebook.com/technologynoteniu/posts/389383852895753
2021/10/11,introduction, Kubernetes 即將支援 swap, https://www.facebook.com/technologynoteniu/posts/388057803028358
2021/10/07,container, Azure 上的資安漏洞，讓你可以存取他人 container, https://www.facebook.com/technologynoteniu/posts/385137573320381
2021/10/05,others, Monorepo 的好壞處以及為什麼值得使用, https://www.facebook.com/technologynoteniu/posts/383845706782901
2021/10/04,network, CloudFlare 探討 FB 出包原因, https://www.facebook.com/technologynoteniu/posts/383157193518419
2021/10/03,introduction, 探討 kubernetes 未來的新領域, https://www.facebook.com/technologynoteniu/posts/382702036897268
2021/09/28,others, System Design 領域內架構介紹, https://www.facebook.com/technologynoteniu/posts/379468987220573
2021/09/26,introduction, 2021/06 科技雷達調查, https://www.facebook.com/technologynoteniu/posts/378213507346121
2021/09/26,others, 從 StackOverflow 觀察 Full-Time 比例下降, https://www.facebook.com/technologynoteniu/posts/378213144012824
2021/09/24,others, 基於 NSA/CISA 安全檢定的開源專案 Kubescape, https://www.facebook.com/technologynoteniu/posts/376929560807849
2021/09/22,network, PING 指令介紹, https://www.facebook.com/technologynoteniu/posts/375620037605468
2021/09/20,others, Engineering Manager 的面試分享, https://www.facebook.com/technologynoteniu/posts/374272274406911
2021/09/18,introduction, Kubernetes v1.22 新功能, https://www.facebook.com/technologynoteniu/posts/372990197868452
2021/09/16,introduction, Kubernetes Chaos Mesh 介紹, https://www.facebook.com/technologynoteniu/posts/371693067998165
2021/09/14,introduction, Kubernetes Label 介紹, https://www.facebook.com/technologynoteniu/posts/370395514794587
2021/09/12,container, Docker 員工談為什麼 Docker 市場會失敗, https://www.facebook.com/technologynoteniu/posts/369088391591966
2021/09/10,usecases, 提升 on-call 的效率方式, https://www.facebook.com/technologynoteniu/posts/367687458398726
2021/09/08,others, Shell 內的 > < 2>&1 等差異介紹, https://www.facebook.com/technologynoteniu/posts/366343451866460
2021/09/06,network, SO_REUSEPORT 的好處介紹,https://www.facebook.com/technologynoteniu/posts/365012185332920
2021/09/04,others, Hyperlink 的歷史介紹文, https://www.facebook.com/technologynoteniu/posts/363693522131453
2021/09/01,usecases, ITHOME 鐵人賽, https://www.facebook.com/technologynoteniu/posts/362290215605117
2021/08/31,others, TOFU (Trust-On-First-Use) 的機制介紹, https://www.facebook.com/technologynoteniu/posts/360966752404130
2021/08/29,usecases, 如何透過 Harbor & Keycloak & Istio 來打造 Kubernetes 環境, https://www.facebook.com/technologynoteniu/posts/359651409202331
2021/08/27,others, Bash CLI 面試挑戰, https://www.facebook.com/technologynoteniu/posts/358298199337652
2021/08/25,introduction, GKE/EKS/AKS/DOKS 四種雲端比較差異, https://www.facebook.com/technologynoteniu/posts/356979272802878
2021/08/23,others, 使用透過 Vagrant 來打造 Ceph, https://www.facebook.com/technologynoteniu/posts/355687726265366
2021/08/21,usecases, Argo Worflows 的使用者調查報告, https://www.facebook.com/technologynoteniu/posts/354374916396647
2021/08/19,usecases, HelloFresh 如何使用 Ambassador 來處理流量應用程式, https://www.facebook.com/technologynoteniu/posts/353036783197127
2021/08/17,others, Lens 相關擴充功能, https://www.facebook.com/technologynoteniu/posts/351716419995830
2021/08/15,others, DevOps & SRE & Platform Engineer 的差異, https://www.facebook.com/technologynoteniu/posts/350414603459345
2021/08/13,introduction, Kubernetes 內的 Authentication & Authorization 兩大塊, https://www.facebook.com/technologynoteniu/posts/349088606925278
2021/08/11,others, CKS 的概念以及考試準備, https://www.facebook.com/technologynoteniu/posts/347750070392465
2021/08/09,others, SSL & Cert-Manager 來管理, https://www.facebook.com/technologynoteniu/posts/346358767198262
2021/08/07,cicd, 2021 必須理解的 IaC 工具,https://www.facebook.com/technologynoteniu/posts/344913647342774
2021/08/05,cicd, KubeStack 基於 GitOps 來處理 Terraform, https://www.facebook.com/technologynoteniu/posts/343595084141297
2021/08/03,others, Software Supply Chain 的安全評估, https://www.facebook.com/technologynoteniu/posts/342246137609525
2021/08/01,usecases, Why Ably 評估後不使用 Kubernetes, https://www.facebook.com/technologynoteniu/posts/341088541058618
2021/07/30,usecases, 軟體工程師十年經驗分享, https://www.facebook.com/technologynoteniu/posts/339605564540249
2021/07/28,introduction, Kubernetes 的儲存介紹,https://www.facebook.com/technologynoteniu/posts/338290281338444
2021/07/26,tool, Kubernetes 的開源工具, https://www.facebook.com/technologynoteniu/posts/336960611471411
2021/07/24,usecases, LeeCode 500題後的人生經驗, https://www.facebook.com/technologynoteniu/posts/335672778266861
2021/07/22,cicd, DevSecOps 的導入經驗, https://www.facebook.com/technologynoteniu/posts/334331091734363
2021/07/20,introduction, Event Streaming 與 Enterprise Messaging 系統介紹, https://www.facebook.com/technologynoteniu/posts/332997681867704
2021/07/18,network, HTTP/3 的介紹, https://www.facebook.com/technologynoteniu/posts/331610322006440
2021/07/16,others, BFF 設計模式介紹, https://www.facebook.com/technologynoteniu/posts/330208242146648
2021/07/14,introduction, 使用 Helm 內建的 AWS 加解密實作 secret management, https://www.facebook.com/technologynoteniu/posts/328867655614040
2021/07/12,others, SLSA, Supply Chain Levels for Software Artifcats, https://www.facebook.com/technologynoteniu/posts/327532099080929
2021/07/10,introduction, 透過 Velero 來進行 Kubernetes 災難復原, https://www.facebook.com/technologynoteniu/posts/326220349212104
2021/07/08,usecases, HTTP 599 錯誤的除錯經驗, https://www.facebook.com/technologynoteniu/posts/324926429341496
2021/07/06,introduction, OpenTelemetry v1.0 的發展介紹, https://www.facebook.com/technologynoteniu/posts/323603416140464
2021/07/04,container, Dockerfile 的 20 種 Best Practice, https://www.facebook.com/technologynoteniu/posts/322343309599808
2021/07/01,others, Snowflask UUID 的概念與介紹, https://www.facebook.com/technologynoteniu/posts/320403199793819
2021/06/29,introduction, Cloud Native 領域的優勢與相關專案, https://www.facebook.com/technologynoteniu/posts/319082926592513
2021/06/27,introduction, K3D 的詳細介紹與使用, https://www.facebook.com/technologynoteniu/posts/317755616725244
2021/06/25,introduction, Library Helm Chart 的開發介紹, https://www.facebook.com/technologynoteniu/posts/316465763520896
2021/06/23,usecases, Netflix 的 eBPF 介紹文, https://www.facebook.com/technologynoteniu/posts/315150713652401
2021/06/21,introduction, Kubernetes Resource 基本介紹文,https://www.facebook.com/technologynoteniu/posts/313813690452770
2021/06/19,others, 效能調校系列文(4), https://www.facebook.com/technologynoteniu/posts/312575030576636
2021/06/17,others, 效能調校系列文(3), https://www.facebook.com/technologynoteniu/posts/311332047367601
2021/06/15,others, 效能調校系列文(2), https://www.facebook.com/technologynoteniu/posts/310089047491901
2021/06/13,others, 效能調校系列文(1), https://www.facebook.com/technologynoteniu/posts/308751397625666
2021/06/11,cicd, GitOps 的起源與發展, https://www.facebook.com/technologynoteniu/posts/307451354422337
2021/06/09,usecases, Netflix 內部架構分享文, https://www.facebook.com/technologynoteniu/posts/306146844552788
2021/06/07,introduction, Kubernetes 15種不要使用的部署策略與模式(下),https://www.facebook.com/technologynoteniu/posts/304868071347332
2021/06/06,container, Docker Contianer的Best Practice, https://www.facebook.com/technologynoteniu/posts/304207338080072
2021/06/04,introduction, Kubernetes 15種不要使用的部署策略與模式(中), https://www.facebook.com/technologynoteniu/posts/302935294873943
2021/06/01,introduction, Kubernetes 15種不要使用的部署策略與模式, https://www.facebook.com/technologynoteniu/posts/300958348404971
2021/05/30,cicd, Tekton 使用教學介紹, https://www.facebook.com/technologynoteniu/posts/299635081870631
2021/05/28,container, 探討 Docker 是如何使用硬碟空間以及該如何有效率地清除, https://www.facebook.com/technologynoteniu/posts/298375648663241
2021/05/26,usecases, 如何使用 Kubecost 來幫 Rancher 專案評估成本, https://www.facebook.com/technologynoteniu/posts/296972245470248
2021/05/24,usecases, 作者淺談為什麼不再使用 minikube 而改用 KIND, https://www.facebook.com/technologynoteniu/posts/295577298943076
2021/05/22,others, Kubernetes 好用小工具介紹, https://www.facebook.com/technologynoteniu/posts/293404779160328
2021/05/20,others, DevSecOps 專欄介紹, https://www.facebook.com/technologynoteniu/posts/290120169488789
2021/05/18,usecases, 作者探討 2021 不同的日誌視覺化分析工具, https://www.facebook.com/technologynoteniu/posts/288802732953866
2021/05/16,container, 微服務架構下監控的設計思路, https://www.facebook.com/technologynoteniu/posts/287524089748397
2021/05/14,introduction, 如何透過 SSL/TLS 來加強應用程式之間的連線, https://www.facebook.com/technologynoteniu/posts/286263219874484
2021/05/12,usecases, 如何透過 kubectl flame 火焰圖來進行效能分析, https://www.facebook.com/technologynoteniu/posts/284908593343280
2021/05/10,introduction, Rancher Harvester 專案的使用介紹與範例, https://www.facebook.com/technologynoteniu/posts/283631330137673
2021/05/08,usecases, AWS 上 Serverless 架構的使用七種變化, https://www.facebook.com/technologynoteniu/posts/282285850272221
2021/05/06,usecases, Uber 如何設計架構來處理基於GPS的服務, https://www.facebook.com/technologynoteniu/posts/281005607066912
2021/05/04,others, MAC brew 的資安問題與示範, https://www.facebook.com/technologynoteniu/posts/279676850533121
2021/05/02,usecases, 淺談為什麼身為工程團隊管理人員依然要繼續寫程式, https://www.facebook.com/technologynoteniu/posts/278402427327230
2021/04/30,introduction, Config Map 使用上可能會造成的 JSON 格式跑版問題, https://www.facebook.com/technologynoteniu/posts/277058847461588
2021/04/28,others, 如何打造一個酷炫的 GitHub 個人首頁, https://www.facebook.com/technologynoteniu/posts/275778024256337
2021/04/26,others, metrics 設計上的思路探討,https://www.facebook.com/technologynoteniu/posts/274441227723350
2021/04/25,network, 從網路觀點來看導入Kubernetes 的可能痛點, https://www.facebook.com/technologynoteniu/posts/273665154467624
2021/04/24,usecases, GKE 使用上因為底層硬碟問題導致 Statefulset無法擴張,https://www.facebook.com/technologynoteniu/posts/273009101199896
2021/04/22,usecases, 第三方函式庫引發的資安問題探討,https://www.facebook.com/technologynoteniu/posts/271645274669612
2021/04/20,usecases, Intuit 探討管理200個叢集的經驗談, https://www.facebook.com/technologynoteniu/posts/270315501469256
2021/04/18,container, Container 底層如何透過 CFS 來控制資源使用量, https://www.facebook.com/technologynoteniu/posts/269031684930971
2021/04/16,introduction, Kubernetes 中 Vertical Pod Autoscaler 介紹, https://www.facebook.com/technologynoteniu/posts/267775275056612
2021/04/14,network, EKS 中如何避免IP 發放完畢,https://www.facebook.com/technologynoteniu/posts/266377761863030
2021/04/12,usecases, Serverless 年代下依然要使用k8s的四個理由, https://www.facebook.com/technologynoteniu/posts/264979925336147
2021/04/10,usecases, Netflix 如何打造自己的 Tracing System, https://www.facebook.com/technologynoteniu/posts/263624618805011
2021/04/08,container, Container image 中 alpine slim stretch 等的差異,https://www.facebook.com/technologynoteniu/posts/262302422270564
2021/04/06,introduction, Kubernetes 1.20 改動介紹, https://www.facebook.com/technologynoteniu/posts/260952135738926
2021/04/04,container, 不用 docker 工具來創建container image, https://www.facebook.com/technologynoteniu/posts/259585475875592
2021/04/02,cicd, Jenkins on Kubernetes, https://www.facebook.com/technologynoteniu/posts/258246896009450
2021/03/31,usecases, CNCF 科技雷達第四篇 探討 Secret Management, https://www.facebook.com/technologynoteniu/posts/256963952804411
2021/03/29,network, NetDevOps 的常用工具, https://www.facebook.com/technologynoteniu/posts/255824086251731
2021/03/25,container, podman 的使用經驗談, https://www.facebook.com/technologynoteniu/posts/252996263201180
2021/03/23,usecases, CNCF 科技雷達第三篇 Storage & Database 的選擇, https://www.facebook.com/technologynoteniu/posts/251654163335390
2021/03/21,others, kubernetes 維運小工具, https://www.facebook.com/technologynoteniu/posts/250015816832558
2021/03/19,cicd, 資安與 CI/CD 整合的架構談, https://www.facebook.com/technologynoteniu/posts/248697066964433
2021/03/17,usecases, Kubernetes 叢集被惡意挖礦經驗談, https://www.facebook.com/technologynoteniu/posts/247486180418855
2021/03/15,usecases, AWS 導入k8s 後服務慢上十倍, https://www.facebook.com/technologynoteniu/posts/246130560554417
2021/03/13,usecases, Istio 整合卡住, https://www.facebook.com/technologynoteniu/posts/244882024012604
2021/03/11,usecases, GKE 節點與Pod無法自動擴展, https://www.facebook.com/technologynoteniu/posts/243580810809392
2021/03/09,usecases, CPU Limit 造成服務效能不佳, https://www.facebook.com/technologynoteniu/posts/242276610939812
2021/03/07,usecases, Conntrack 造成 DNS 出問題, https://www.facebook.com/technologynoteniu/posts/240948024406004
2021/03/05,network, 如何於 Kubernetes 內使用 tcpdump, https://www.facebook.com/technologynoteniu/posts/239756171191856
2021/03/05,usecases, Conntrack 造成服務效能不佳, https://www.facebook.com/technologynoteniu/posts/239635037870636
2021/03/03,usecases, EKS頻繁斷線, https://www.facebook.com/technologynoteniu/posts/238352911332182
2021/03/01,network, rp_filter 介紹, https://www.facebook.com/technologynoteniu/posts/237086941458779
2021/02/27,usecases, CPU limit causes poor performance, https://www.facebook.com/technologynoteniu/posts/235844098249730
2021/02/25,usecases, Fluentd-bit 使用上的問題以及為什麼轉換到 Fluentd, https://www.facebook.com/technologynoteniu/posts/234528588381281
2021/02/24,introduction, Operator 的介紹與未來, https://www.facebook.com/technologynoteniu/posts/233903505110456
2021/02/22,introduction, Traefik 介紹文, https://www.facebook.com/technologynoteniu/posts/232583778575762
2021/02/20,usecases, Backup and restore your own kubernetes, https://www.facebook.com/technologynoteniu/posts/231223958711744
2021/02/18,cicd, Jenkins Operator, https://www.facebook.com/technologynoteniu/posts/229898645510942
2021/02/16,others,透過 Terraform 與 GitHub Pages 來打造一個維修中的頁面,https://www.facebook.com/technologynoteniu/posts/228590802308393
2021/02/14,cicd, 如何透過 ArgoRollout 來達到金絲雀部署, https://www.facebook.com/technologynoteniu/posts/227319199102220
2021/02/12,usecases, 如何運行一個最便宜的K8s 叢集, https://www.facebook.com/technologynoteniu/posts/225951499238990
2021/02/10,observability, Prometheus 教學文, https://www.facebook.com/technologynoteniu/posts/224611209373019
2021/02/08,usecases, 如何踏入 kubernetes 原始碼, https://www.facebook.com/technologynoteniu/posts/223360019498138
2021/02/06,introduction, Kustomize 入門介紹, https://www.facebook.com/technologynoteniu/posts/222172022950271
2021/02/04,others, DevOps 面試經驗談, https://www.facebook.com/technologynoteniu/posts/220867733080700
2021/02/02,others, 軟體工程師該如何撰寫一份有價值的技術文件, https://www.facebook.com/technologynoteniu/posts/219597926541014
2021/01/31,usecases, kubectl 1.18 帶來的不相容改變, https://www.facebook.com/technologynoteniu/posts/218323670001773
2021/01/29,network, Kubernetes Pod 如何透過 CNI 獲取 IP, https://www.facebook.com/technologynoteniu/posts/217032360130904
2021/01/27,terraform, 透過 Terraform 創建wordpress 的範例,https://www.facebook.com/technologynoteniu/posts/215764940257646
2021/01/25,container, Docker 20.10 的改變,https://www.facebook.com/technologynoteniu/posts/214479493719524
2021/01/23,container, Dockerfile 的小技巧,https://www.facebook.com/technologynoteniu/posts/213107267190080
2021/01/21,terraform, Terraform 範例介紹文, https://www.facebook.com/technologynoteniu/posts/211760017324805
2021/01/19,introduction, 2020 KubeConf 介紹, https://www.facebook.com/technologynoteniu/posts/210372760796864
2021/01/17,network, Ingress 介紹文,https://www.facebook.com/technologynoteniu/posts/209045874262886
2021/01/15,others, 勇敢說不，針對工作排列優先度, https://www.facebook.com/technologynoteniu/posts/207776997723107
2021/01/14,network, SDN 閒談, https://www.facebook.com/technologynoteniu/posts/207099121124228
2021/01/13,others,Rancher 針對 HCI 超融合架構所打造的 k8s 新專案, https://www.facebook.com/technologynoteniu/posts/206446664522807
2021/01/11,others,自建 Container Orchestration 平台的三兩事 https://www.facebook.com/technologynoteniu/posts/205169744650499
2021/01/10,introduction, secret 入門介紹, https://www.facebook.com/technologynoteniu/posts/203831131451027
2021/01/08,usecases, Jenkins 的一種玩法, https://www.facebook.com/technologynoteniu/posts/202375511596589
2021/01/06,cicd, git pre-commit hook 的妙用, https://www.facebook.com/technologynoteniu/posts/200872581746882
2021/01/04,cicd, helmfile 介紹, https://www.facebook.com/technologynoteniu/posts/199482255219248
2021/01/02,terraform, terraform try/can 功能談, https://www.facebook.com/technologynoteniu/posts/198137098687097
2020/12/31,usecases, 自動化的準則與經驗談, https://www.facebook.com/technologynoteniu/posts/196695848831222
2020/12/29,usecases, Kubernetes 管理經驗談, https://www.facebook.com/technologynoteniu/posts/195388485628625
2020/12/27,introduction, Liveness/Readiness 介紹,https://www.facebook.com/technologynoteniu/posts/194061299094677
2020/12/25,terraform, 小技巧打造更穩健的 Terraform, https://www.facebook.com/technologynoteniu/posts/192175929283214
2020/12/24,introduction, Kubernetes Job 介紹, https://www.facebook.com/technologynoteniu/posts/191446296022844
2020/12/23,cicd, 微軟專案 Bedrock 分享, https://www.facebook.com/technologynoteniu/posts/190725829428224
2020/12/22,usecases, Kubernetes 內的版本管理經驗, https://www.facebook.com/technologynoteniu/posts/189996906167783
2020/12/21,introduction, Knative Serverless 方案介紹, https://www.facebook.com/technologynoteniu/posts/188924539608353
2020/12/20,others, 遠傳加入 ONF, https://www.facebook.com/technologynoteniu/posts/188334676334006
2020/12/20,others, GitHub 2021 認證方式改變, https://www.facebook.com/technologynoteniu/posts/188312686336205
2020/12/20,introduction, Opetator 介紹文, https://www.facebook.com/technologynoteniu/posts/188184803015660
2020/12/19,tool, kubectl plugin 生態與工具介紹,https://www.facebook.com/technologynoteniu/posts/187434636424010
2020/12/18,introduction, service catalog 的介紹,https://www.facebook.com/technologynoteniu/posts/186718283162312
2020/12/17,network, 為什麼 Linked 決定自行打造 Linkerd2-proxy 而不使用主流的 Enovy, https://www.facebook.com/technologynoteniu/posts/185215013312639
2020/12/16,usecases, 如果可以重來，你會想要怎麼設計 kubernetes, https://www.facebook.com/technologynoteniu/posts/184646260036181
2020/12/15,network,kubernetes 下 vxlan 導致的 63 delay問題,https://www.facebook.com/technologynoteniu/posts/183787650122042
2020/12/14,container,如何透過安全掃描工具來提升 Container Image 的安全性,https://www.facebook.com/technologynoteniu/posts/183046206862853
2020/12/13,others,DevOps 面試時可能會問到的相關問題,https://www.facebook.com/technologynoteniu/posts/182329460267861
2020/12/12,others,JVM 應用程式效能上的部署問題,https://www.facebook.com/technologynoteniu/posts/181801863653954
2020/12/11,introduction,Stateful 的概念介紹,https://www.facebook.com/technologynoteniu/posts/180810593753081
2020/12/11,container,若不使用 Docker，可以使用什麼服務?,https://www.facebook.com/technologynoteniu/posts/181027540398053
2020/12/10,tool,2021 DevOps/SRE 可注意的工具,https://www.facebook.com/technologynoteniu/posts/180100747157399
2020/12/9,network,探討 Kubernetes 內的 timeout 問題,https://www.facebook.com/technologynoteniu/posts/179351013899039
2020/12/9,container,探討 Kubernetes x Docker x OCI 的差異,https://www.facebook.com/technologynoteniu/posts/179715440529263
2020/12/8,others,探討不同類型的架設模式,https://www.facebook.com/technologynoteniu/posts/178555590645248
2020/12/7,tool,使用 Helm Secret 於 Helm Chart 中保護你的 Secret 內容,https://www.facebook.com/technologynoteniu/posts/177758844058256
2020/12/5,cicd,使用 Flagger 幫你的應用程式導入金絲雀部署,https://www.facebook.com/technologynoteniu/posts/176167600884047
2020/12/5,introduction,探討 SLO 的設定技巧與概念,https://www.facebook.com/technologynoteniu/posts/176971417470332
2020/12/4,terraform,Terraform 於 CI/CD 來自動化你的架構修改,https://www.facebook.com/technologynoteniu/posts/175367334297407
2020/12/3,introduction,Kubernetes 1.20 逐漸移除 dockershim,https://www.facebook.com/technologynoteniu/posts/173877564446384
2020/12/3,usecases,TSMC 徵求 DevOps (Kubernetes) 人才,https://www.facebook.com/technologynoteniu/posts/173262897841184
2020/12/2,network,Flannel CNI 下潛在的 IP 重複問題,https://www.facebook.com/technologynoteniu/posts/173074947859979
2020/12/1,network,CNI Calico 安裝的選擇,https://www.facebook.com/technologynoteniu/posts/172101251290682
2020/11/30,cicd,使用 CircleCI & ArgoCD 來幫 k8s 打造 GitOps,https://www.facebook.com/technologynoteniu/posts/170963384737802
2020/11/29,cicd,使用 DORA 幫你的 DevOps 效率進行測量,https://www.facebook.com/technologynoteniu/posts/170022318165242
2020/11/27,observability,探討可觀測性的幾個重要 API,https://www.facebook.com/technologynoteniu/posts/168920628275411
2020/11/26,cicd,GitOps 中如何做好 Secret Management,https://www.facebook.com/technologynoteniu/posts/168101821690625
2020/11/25,usecases,etcd 正式從 CNCF 畢業囉,https://www.facebook.com/technologynoteniu/posts/166916091809198
2020/11/23,network,地端 LoadBalancer 解決方案: porter,https://www.facebook.com/technologynoteniu/posts/165664161934391
2020/11/21,terraform,Terraform 開發的經驗與技巧,https://www.facebook.com/technologynoteniu/posts/163027828864691
2020/11/21,usecases,Windows Node 使用經驗分享,https://www.facebook.com/technologynoteniu/posts/162808032220004
2020/11/21,container,Docker 網路模型實驗篇下,https://www.facebook.com/technologynoteniu/posts/163174748849999
2020/11/19,introduction,Service Account 介紹,https://www.facebook.com/technologynoteniu/posts/162202288947245
2020/11/19,usecases,Apple 公開宣佈內部服務將全面轉為 Kubernetes,https://www.facebook.com/technologynoteniu/posts/161171765716964
2020/11/17,usecases,lambda 團隊多年 Kubernetes 的經驗分享,https://www.facebook.com/technologynoteniu/posts/159354259232048
2020/11/16,usecases,三個加強 Kubernetes 服務穩定性的經驗,https://www.facebook.com/technologynoteniu/posts/158992122601595
2020/11/14,network,NodeLocalDNS 來避免 DNS 5 秒 Timeout,https://www.facebook.com/technologynoteniu/posts/157470452753762
2020/11/13,usecases,DNS 5 秒 Dealy 的緣由,https://www.facebook.com/technologynoteniu/posts/156854169482057
2020/11/12,usecases,Kubernetes Resource Limit/Request 誤用造成的錯誤,https://www.facebook.com/technologynoteniu/posts/156240266210114
2020/11/11,container,Container Image 的儲存挑戰,https://www.facebook.com/technologynoteniu/posts/155859926248148
2020/11/10,network,使用 Open Policy Agent 來保護 Ingress 的誤用,https://www.facebook.com/technologynoteniu/posts/155472792953528
2020/11/9,tool,幫你的 VIM 增加 Kubernetes YAML 支援,https://www.facebook.com/technologynoteniu/posts/154898276344313
2020/11/8,tool,SCP 工具的注意事項,https://www.facebook.com/technologynoteniu/posts/154650336369107
2020/11/7,container,Docker 網路模型實驗篇中,https://www.facebook.com/technologynoteniu/posts/154008856433255
2020/11/4,observability,Grafana 對 Tracing 伸出魔爪 Tempo,https://www.facebook.com/technologynoteniu/posts/152229139944560
2020/11/5,introduction,CRD 的入門介紹,https://www.facebook.com/technologynoteniu/posts/152603559907118
2020/11/3,introduction,KubeMQ 基於 Kubernetes 內的 Message Queue,https://www.facebook.com/technologynoteniu/posts/151817666652374
2020/11/2,usecases,使用 k3s Rancher Vault and ArgoCD 來實作 GitOps,https://www.facebook.com/technologynoteniu/posts/151419883358819
2020/10/31,container,Docker 網路模型實驗篇上,https://www.facebook.com/technologynoteniu/posts/150668840100590
2020/10/30,introduction,Kubernetes Ingress Stable,https://www.facebook.com/technologynoteniu/posts/150231760144298
2020/10/26,container,Docker 網路模型介紹,https://www.facebook.com/technologynoteniu/posts/148314687002672
2020/10/25,tool,本地開發 Kubernetes 的各種選擇,https://www.facebook.com/technologynoteniu/posts/148233010344173
2020/10/24,network,5G 網路與 Cloud Native 的整合範例,https://www.facebook.com/technologynoteniu/posts/147867507047390
2020/10/23,network,SO_REUSEPORT 提昇 Nginx 效能,https://www.facebook.com/technologynoteniu/posts/147370013763806
2020/10/20,cicd,GitOps 實作上的挑戰,https://www.facebook.com/technologynoteniu/posts/145888253911982
2020/10/19,cicd,GitOps 工具的選擇 ,https://www.facebook.com/technologynoteniu/posts/145512047282936
2020/10/18,cicd,淺談 GitOps 過往 ,https://www.facebook.com/technologynoteniu/posts/145132500654224
2020/10/17,cicd,什麼是 GitOps? ,https://www.facebook.com/technologynoteniu/posts/144729410694533
2020/10/17,cicd,淺談 GitOps 過往 ,https://www.facebook.com/technologynoteniu/posts/145132500654224
2020/10/16,cicd,GitOps 到底解決了什麼問題,https://www.facebook.com/technologynoteniu/posts/144275300739944
2020/10/15,tool,HashiCrop 發表新的工具 Waypoint,https://www.facebook.com/technologynoteniu/posts/143735977460543
2020/10/13,observability,Kubernetes 可觀測性雷達報告,https://www.facebook.com/technologynoteniu/posts/142819904218817
2020/10/12,usecases,Kubernetes 多租戶實作的挑戰,https://www.facebook.com/technologynoteniu/posts/142364334264374
2020/10/10,service-mesh,Service Mesh 產品比較與介紹,https://www.facebook.com/technologynoteniu/posts/141526277681513
2020/10/9,introduction,Kubernetes manageFields 討論,https://www.facebook.com/technologynoteniu/posts/141084067725734
2020/10/8,introduction,Kubernetes 有趣 Demo 玩法,https://www.facebook.com/technologynoteniu/posts/140250747809066
2020/10/7,introduction,Rancher v2.5 Release,https://www.facebook.com/technologynoteniu/posts/140250747809066
2020/10/5,others,Java 應用程式於容器內的效能問題,https://www.facebook.com/technologynoteniu/posts/139325047901636
2020/10/4,network,Service Proxy 與 Edge Proxy 的差異性,https://www.facebook.com/technologynoteniu/posts/138720374628770
2020/10/2,introduction,CRD 與 Operator 的探討,https://www.facebook.com/technologynoteniu/posts/137998188034322
2020/10/1,network,Envoy 對於 gRPC 提供 Load Balance,https://www.facebook.com/technologynoteniu/posts/137127168121424
2020/9/29,network,gRPC 於 Kubernetes 內的 Load Balance 用法,https://www.facebook.com/technologynoteniu/posts/136292751538199
2020/9/28,terraform,Terraform Module 依賴性討論,https://www.facebook.com/technologynoteniu/posts/136158074885000
2020/9/26,container,CRI/OCI 介紹,https://www.facebook.com/technologynoteniu/posts/135295241637950
2020/9/25,introduction,100 秒快速介紹 Kubernetes,https://www.facebook.com/technologynoteniu/posts/134638608370280
2020/9/23,introduction,CPU Limit 造成的效能低落,https://www.facebook.com/technologynoteniu/posts/133965865104221
2020/9/22,cicd,CI/CD 部署策略比較,https://www.facebook.com/technologynoteniu/posts/133250015175806
2020/9/19,container,Contaienr 底層實作與 CVE 介紹,https://www.facebook.com/technologynoteniu/posts/128392535661554
2020/9/18,network,Kubernetes CNI 效能比較,https://www.facebook.com/technologynoteniu/posts/126147459219395
2020/9/17,introduction,7 個邁向 Cloud Native 的挑戰,https://www.facebook.com/technologynoteniu/posts/125741595926648
2020/9/14,introduction,Network Security Policies Using OPA,https://www.facebook.com/technologynoteniu/posts/120445456456262
2020/9/14,introduction,Service Mesh 介紹文系列一,https://www.facebook.com/technologynoteniu/posts/120528776447930
2020/9/14,service-mesh,Service Mesh 入門簡介,https://www.facebook.com/technologynoteniu/posts/120528776447930
2020/9/14,usecases,升級 EKS 1.17 to 1.18 的經驗分享,https://www.facebook.com/technologynoteniu/posts/149491413551666
2020/9/12,cicd,Kubernetes CI/CD 工具雷達報告,https://www.facebook.com/technologynoteniu/posts/119347956566012
2020/9/11,cicd,GitOps 帶來的痛點與反思,https://www.facebook.com/technologynoteniu/posts/118905326610275
2020/9/11,cicd,單體式架構 v.s 微服務架構,https://www.facebook.com/technologynoteniu/posts/119240203243454
2020/9/10,observability,觀看 logs 的工具介紹,https://www.facebook.com/technologynoteniu/posts/118213933346081
2020/9/10,tool,Kubernetes YAML Generator,https://www.facebook.com/technologynoteniu/posts/118130986687709
2020/9/7,tool,Kubectl View Allocations,https://www.facebook.com/technologynoteniu/posts/116162186884589
2020/9/5,cicd,GitOps Demo 及介紹,https://www.facebook.com/technologynoteniu/posts/113756857125122
